{"noiseKey":{"private":{"type":"Buffer","data":"YIxRF4O5XEvm5WV7wKCWylLwVL5+DBg2JFDivTlZKW4="},"public":{"type":"Buffer","data":"L/3BJLFfe6ixsABG6xrvWebCwpQAUsKit9pnLwjjXFw="}},"pairingEphemeralKeyPair":{"private":{"type":"Buffer","data":"ODBoft0wW4m3HTLf+RigyPaaGMfgqHVAZLfYnRjr2EE="},"public":{"type":"Buffer","data":"ms/RygkBoZZmFcDR/hl8sgb7Y8hNKt7rW37uon7gNTc="}},"signedIdentityKey":{"private":{"type":"Buffer","data":"KJfwWP9cvNQAN9JVpxoxkt8Hr8vMkVWL8g0zR4vbAnU="},"public":{"type":"Buffer","data":"bfIS/10lrOFOBa36xxsvG0cstbc3XXv4TW0VgTk3OSU="}},"signedPreKey":{"keyPair":{"private":{"type":"Buffer","data":"SDYMOIO+1Xs9X8ykncFM+68Go/u2Qti/prS7aJLy7F8="},"public":{"type":"Buffer","data":"+Xq+NT8Yt6VPlPBf14OG8YUfucB/ZaW45+TUCXRJ9Xk="}},"signature":{"type":"Buffer","data":"APiLfRkNEmm1XXlpTxvzkUizkVzg97yKkurAyxyrHKrEN7oigd99OR0rOBcW+ND8m9YFHOI+ZBFjdo/h0KKrAw=="},"keyId":1},"registrationId":187,"advSecretKey":"x17UJePW4DAIGeiHMimLZ1Mx5m+u2mmgC9V8ItX1qdU=","processedHistoryMessages":[],"nextPreKeyId":1,"firstUnuploadedPreKeyId":1,"accountSyncCounter":0,"accountSettings":{"unarchiveChats":false},"deviceId":"QeFZNNuDSqyNpH-x30xQvA","phoneId":"8f3a187e-c835-4c97-a5c2-f6bfa5549daf","identityId":{"type":"Buffer","data":"L4ARQZZEJvsl+zx9TVVF3MwSwxU="},"registered":false,"backupToken":{"type":"Buffer","data":"b6eQRfLDOlJnAmKIXmGEplSQjMI="},"registration":{},"pairingCode":"V8ZEE9JC","me":{"id":"50557361341@s.whatsapp.net","name":"~"}}